id,name,address,gender,phone_number,day_of_birth,email
KH001,Oliver Smith,"15 Le Loi Street, District 1, Ho Chi Minh City",Female,0901234567,15/01/1980,oliversmith203@gmail.com
KH002,Sophia Johnson,"75 Nguyen Hue Street, District 1, Ho Chi Minh City",Male,0912345678,22/03/1995,sophiajohnson306@gmail.com
KH003,Liam Brown,"12 Tran Hung Dao Street, Hoan Kiem District, Hanoi",Female,0923456789,8/11/1974,liambrown172@gmail.com
KH004,Isabella Davis,"25 Vo Van Tan Street, District 3, Ho Chi Minh City",Female,0934567890,30/06/1988,isabelladavis276@gmail.com
KH005,Elijah Miller,"56 Hai Ba Trung Street, District 1, Ho Chi Minh City",Female,0945678901,19/02/1990,elijahmiller819@gmail.com
KH006,Mia Wilson,"68 Ly Tu Trong Street, District 1, Ho Chi Minh City",Male,0956789012,27/09/1983,miawilson885@gmail.com
KH007,James Moore,"34 Nguyen Du Street, District 1, Ho Chi Minh City",Male,0967890123,13/04/1977,jamesmoore603@gmail.com
KH008,Amelia Taylor,"40 Nguyen Thi Minh Khai Street, District 1, Ho Chi Minh City",Female,0978901234,5/12/1992,ameliataylor126@gmail.com
KH009,William Anderson,"22 Nguyen Dinh Chieu Street, District 1, Ho Chi Minh City",Male,0989012345,18/08/1985,williamanderson216@gmail.com
KH010,Harper Thomas,"29 Tran Phu Street, District 5, Ho Chi Minh City",Male,0990123456,10/7/1978,harperthomas609@gmail.com
KH011,Benjamin Jackson,"88 Pasteur Street, District 1, Ho Chi Minh City",Male,0902345678,2/5/1984,benjaminjackson206@gmail.com
KH012,Evelyn White,"91 Le Thanh Ton Street, District 1, Ho Chi Minh City",Male,0913456789,11/3/1999,evelynwhite673@gmail.com
KH013,Lucas Harris,"55 Ba Huyen Thanh Quan Street, District 3, Ho Chi Minh City",Female,0924567890,23/01/1981,lucasharris133@gmail.com
KH014,Abigail Martin,"64 Truong Dinh Street, District 3, Ho Chi Minh City",Male,0935678901,14/12/1976,abigailmartin473@gmail.com
KH015,Henry Thompson,"101 Tran Quang Khai Street, District 1, Ho Chi Minh City",Male,0946789012,9/6/1987,henrythompson379@gmail.com
KH016,Ella Garcia,"120 Nam Ky Khoi Nghia Street, District 1, Ho Chi Minh City",Female,0957890123,24/04/1994,ellagarcia903@gmail.com
KH017,Alexander Martinez,"45 Le Van Sy Street, District 3, Ho Chi Minh City",Female,0968901234,31/10/1982,alexandermartinez655@gmail.com
KH018,Avery Robinson,"78 Nguyen Trai Street, District 1, Ho Chi Minh City",Male,0979012345,6/11/1991,averyrobinson629@gmail.com
KH019,Michael Clark,"130 Nguyen Tri Phuong Street, District 5, Ho Chi Minh City",Male,0980123456,7/8/1975,michaelclark321@gmail.com
KH020,Scarlett Rodriguez,"37 Bui Vien Street, District 1, Ho Chi Minh City",Female,0991234567,28/02/2000,scarlettrodriguez204@gmail.com
KH021,Daniel Lewis,"92 Dinh Tien Hoang Street, District 1, Ho Chi Minh City",Female,0903456789,29/05/1989,daniellewis432@gmail.com
KH022,Grace Lee,"103 Doan Van Bo Street, District 4, Ho Chi Minh City",Female,0914567890,15/03/1979,gracelee499@gmail.com
KH023,Ethan Walker,"86 Cach Mang Thang Tam Street, District 3, Ho Chi Minh City",Female,0925678901,25/12/1986,ethanwalker872@gmail.com
KH024,Chloe Hall,"27 Nguyen Van Cu Street, District 5, Ho Chi Minh City",Male,0936789012,17/09/1993,chloehall756@gmail.com
KH025,Matthew Allen,"39 Nguyen Huu Canh Street, Binh Thanh District, Ho Chi Minh City",Female,0947890123,21/01/1978,matthewallen670@gmail.com
KH026,Victoria Young,"63 Dien Bien Phu Street, District 1, Ho Chi Minh City",Male,0958901234,1/8/1985,victoriayoung653@gmail.com
KH027,Samuel Hernandez,"51 Ton That Tung Street, District 1, Ho Chi Minh City",Male,0969012345,13/11/1980,samuelhernandez738@gmail.com
KH028,Riley King,"19 Pham Ngu Lao Street, District 1, Ho Chi Minh City",Female,0970123456,4/4/1976,rileyking550@gmail.com
KH029,David Wright,"73 Tran Binh Trong Street, District 5, Ho Chi Minh City",Female,0981234567,22/06/1998,davidwright577@gmail.com
KH030,Aria Lopez,"84 Nguyen Dinh Chieu Street, District 3, Ho Chi Minh City",Male,0992345678,3/7/1977,arialopez409@gmail.com
KH031,Joseph Scott,"48 Bui Thi Xuan Street, District 1, Ho Chi Minh City",Female,0904567890,16/10/1989,josephscott329@gmail.com
KH032,Lily Green,"95 Tran Quoc Thao Street, District 3, Ho Chi Minh City",Female,0915678901,8/5/1982,lilygreen303@gmail.com
KH033,Sebastian Adams,"66 Cao Thang Street, District 3, Ho Chi Minh City",Female,0926789012,12/9/1994,sebastianadams148@gmail.com
KH034,Nora Baker,"102 Ho Tung Mau Street, District 1, Ho Chi Minh City",Male,0937890123,30/03/1983,norabaker272@gmail.com
KH035,Jackson Gonzalez,"85 Nguyen Van Troi Street, Phu Nhuan District, Ho Chi Minh City",Female,0948901234,27/12/1988,jacksongonzalez653@gmail.com
KH036,Zoey Nelson,"117 Phan Dinh Phung Street, Phu Nhuan District, Ho Chi Minh City",Female,0959012345,6/2/1996,zoeynelson224@gmail.com
KH037,Levi Carter,"21 Nguyen Van Linh Street, District 7, Ho Chi Minh City",Female,0960123456,24/11/1978,levicarter694@gmail.com
KH038,Hannah Mitchell,"38 Ton Duc Thang Street, District 1, Ho Chi Minh City",Female,0971234567,18/04/1987,hannahmitchell860@gmail.com
KH039,Gabriel Perez,"46 Nguyen Thi Dieu Street, District 3, Ho Chi Minh City",Male,0982345678,25/10/1990,gabrielperez631@gmail.com
KH040,Ellie Roberts,"104 Tran Hung Dao Street, District 1, Ho Chi Minh City",Male,0993456789,15/07/1992,ellieroberts332@gmail.com
KH041,Owen Turner,"28 Nguyen Thien Thuat Street, District 3, Ho Chi Minh City",Male,0905678901,11/6/1981,owenturner326@gmail.com
KH042,Addison Phillips,"32 Ly Tu Trong Street, District 1, Ho Chi Minh City",Female,0916789012,13/02/1979,addisonphillips494@gmail.com
KH043,Caleb Campbell,"59 Nguyen Dinh Chieu Street, District 3, Ho Chi Minh City",Male,0927890123,29/04/1986,calebcampbell685@gmail.com
KH044,Zoe Parker,"89 Nguyen Trai Street, District 1, Ho Chi Minh City",Female,0938901234,19/12/1975,zoeparker486@gmail.com
KH045,Nathan Evans,"94 Vo Van Tan Street, District 3, Ho Chi Minh City",Female,0949012345,3/8/1988,nathanevans876@gmail.com
KH046,Stella Edwards,"44 Cao Thang Street, District 3, Ho Chi Minh City",Female,0950123456,7/9/1993,stellaedwards175@gmail.com
KH047,Isaac Collins,"109 Tran Quang Dieu Street, District 3, Ho Chi Minh City",Male,0961234567,26/03/1977,isaaccollins364@gmail.com
KH048,Hazel Stewart,"53 Nguyen Thai Binh Street, District 1, Ho Chi Minh City",Female,0972345678,2/11/1991,hazelstewart410@gmail.com
KH049,Isaiah Sanchez,"69 Le Van Sy Street, District 3, Ho Chi Minh City",Male,0983456789,22/12/1984,isaiahsanchez846@gmail.com
KH050,Mila Morris,"79 Cach Mang Thang Tam Street, District 1, Ho Chi Minh City",Female,0994567890,14/05/1983,milamorris159@gmail.com
KH051,Thomas Rogers,"42 Ba Huyen Thanh Quan Street, District 3, Ho Chi Minh City",Female,0906789012,10/1/1999,thomasrogers873@gmail.com
KH052,Luna Reed,"67 Nguyen Thi Minh Khai Street, District 1, Ho Chi Minh City",Male,0917890123,15/10/1980,lunareed751@gmail.com
KH053,Aiden Cook,"99 Dien Bien Phu Street, District 3, Ho Chi Minh City",Female,0928901234,23/07/1989,aidencook193@gmail.com
KH054,Madison Morgan,"60 Tran Hung Dao Street, District 1, Ho Chi Minh City",Male,0939012345,28/05/1986,madisonmorgan297@gmail.com
KH055,John Bell,"37 Nguyen Cu Trinh Street, District 1, Ho Chi Minh City",Male,0940123456,30/08/1994,johnbell679@gmail.com
KH056,Aubrey Murphy,"73 Nguyen Van Thu Street, District 1, Ho Chi Minh City",Female,0951234567,19/03/1988,aubreymurphy411@gmail.com
KH057,Leo Bailey,"82 Le Thanh Ton Street, District 1, Ho Chi Minh City",Male,0962345678,25/06/1976,leobailey683@gmail.com
KH058,Layla Rivera,"56 Phan Chu Trinh Street, District 1, Ho Chi Minh City",Male,0973456789,4/9/1982,laylarivera506@gmail.com
KH059,Julian Cooper,"47 Nguyen Van Cu Street, District 5, Ho Chi Minh City",Male,0984567890,5/4/1991,juliancooper861@gmail.com
KH060,Penelope Richardson,"111 Vo Thi Sau Street, District 3, Ho Chi Minh City",Female,0995678901,13/12/1974,peneloperichardson212@gmail.com
KH061,Wyatt Cox,"90 Le Van Sy Street, District 3, Ho Chi Minh City",Male,0907890123,21/08/1985,wyattcox558@gmail.com
KH062,Camila Howard,"25 Ly Chinh Thang Street, District 3, Ho Chi Minh City",Female,0918901234,26/01/1978,camilahoward795@gmail.com
KH063,Andrew Ward,"48 Dien Bien Phu Street, District 1, Ho Chi Minh City",Male,0929012345,17/11/1983,andrewward736@gmail.com
KH064,Savannah Ramirez,"67 Tran Quoc Thao Street, District 3, Ho Chi Minh City",Male,0930123456,29/10/1997,savannahramirez115@gmail.com
KH065,Hudson Brooks,"74 Cao Thang Street, District 3, Ho Chi Minh City",Male,0941234567,22/02/1979,hudsonbrooks910@gmail.com
KH066,Sofia Wood,"115 Nguyen Thai Hoc Street, District 1, Ho Chi Minh City",Female,0952345678,3/6/1989,sofiawood604@gmail.com
KH067,Jack James,"102 Bui Thi Xuân Street, District 1, Ho Chi Minh City",Female,0963456789,6/5/1984,jackjames132@gmail.com
KH068,Victoria Bennett,"81 Le Thanh Ton Street, District 1, Ho Chi Minh City",Male,0974567890,18/01/1990,victoriabennett574@gmail.com
KH069,Luke Diaz,"22 Tran Binh Trong Street, District 5, Ho Chi Minh City",Female,0985678901,28/12/1981,lukediaz241@gmail.com
KH070,Aria Gray,"39 Ly Tu Trong Street, District 1, Ho Chi Minh City",Female,0996789012,24/03/1995,ariagray870@gmail.com
KH071,Ryan Hughes,"57 Tran Hung Dao Street, District 1, Ho Chi Minh City",Female,0908901234,20/07/1977,ryanhughes193@gmail.com
KH072,Eleanor Bryant,"63 Nguyen Van Cu Street, District 5, Ho Chi Minh City",Male,0919012345,12/8/1986,eleanorbryant213@gmail.com
KH073,Anthony Peterson,"93 Tran Quoc Thao Street, District 3, Ho Chi Minh City",Male,0920123456,16/04/1999,anthonypeterson678@gmail.com
KH074,Scarlett Watson,"48 Vo Van Tan Street, District 3, Ho Chi Minh City",Male,0931234567,1/2/1976,scarlettwatson434@gmail.com
KH075,Dylan Foster,"72 Nguyen Tri Phuong Street, District 5, Ho Chi Minh City",Male,0942345678,9/11/1982,dylanfoster157@gmail.com
KH076,Victoria Brooks,"106 Cach Mang Thang Tam Street, District 3, Ho Chi Minh City",Female,0953456789,23/03/1987,victoriabrooks547@gmail.com
KH077,Lincoln Howard,"29 Phan Dang Luu Street, Phu Nhuan District, Ho Chi Minh City",Male,0964567890,11/5/1980,lincolnhoward995@gmail.com
KH078,Lucy Sanders,"61 Bui Vien Street, District 1, Ho Chi Minh City",Male,0975678901,8/3/1994,lucysanders694@gmail.com
KH079,Jaxon Price,"83 Nguyen Thi Minh Khai Street, District 1, Ho Chi Minh City",Male,0986789012,29/09/1975,jaxonprice817@gmail.com
KH080,Nora Perry,"32 Nguyen Van Troi Street, Phu Nhuan District, Ho Chi Minh City",Male,0997890123,14/06/1991,noraperry559@gmail.com
KH081,Joshua Powell,"54 Tran Binh Trong Street, District 5, Ho Chi Minh City",Female,0909012345,7/7/1978,joshuapowell667@gmail.com
KH082,Zoey Long,"95 Nguyen Van Troi Street, Phu Nhuan District, Ho Chi Minh City",Male,0910123456,26/12/1983,zoeylong509@gmail.com
KH083,Christopher Russell,"41 Le Hong Phong Street, District 5, Ho Chi Minh City",Female,0921234567,19/09/1998,christopherrussell462@gmail.com
KH084,Gabriella Jenkins,"87 Cach Mang Thang Tam Street, District 3, Ho Chi Minh City",Male,0932345678,3/5/1985,gabriellajenkins268@gmail.com
KH085,Grayson Simmons,"37 Nguyen Thi Minh Khai Street, District 1, Ho Chi Minh City",Male,0943456789,15/11/1996,graysonsimmons275@gmail.com
KH086,Ariana Butler,"53 Dien Bien Phu Street, District 1, Ho Chi Minh City",Male,0954567890,11/1/1984,arianabutler836@gmail.com
KH087,Mateo Barnes,"64 Nguyen Van Troi Street, Phu Nhuan District, Ho Chi Minh City",Female,0965678901,5/2/1980,mateobarnes241@gmail.com
KH088,Hannah Barnes,"29 Ly Tu Trong Street, District 1, Ho Chi Minh City",Female,0976789012,22/10/1991,hannahbarnes858@gmail.com
KH089,Jeremiah Fisher,"45 Nguyen Dinh Chieu Street, District 3, Ho Chi Minh City",Female,0987890123,27/08/1977,jeremiahfisher682@gmail.com
KH090,Samantha Coleman,"75 Tran Hung Dao Street, District 1, Ho Chi Minh City",Female,0998901234,30/11/1990,samanthacoleman203@gmail.com
KH091,Isaiah Gordon,"91 Vo Van Tan Street, District 3, Ho Chi Minh City",Male,0900123456,4/12/1985,isaiahgordon140@gmail.com
KH092,Ruby Simmons,"35 Truong Dinh Street, District 3, Ho Chi Minh City",Female,0911234567,12/7/1992,rubysimmons925@gmail.com
KH093,Eli Reynolds,"57 Nguyen Tri Phuong Street, District 5, Ho Chi Minh City",Male,0922345678,17/04/1979,elireynolds283@gmail.com
KH094,Caroline Hunt,"82 Ba Huyen Thanh Quan Street, District 3, Ho Chi Minh City",Male,0933456789,23/02/1988,carolinehunt855@gmail.com
KH095,Charles Palmer,"62 Tran Binh Trong Street, District 5, Ho Chi Minh City",Male,0944567890,1/10/1976,charlespalmer961@gmail.com
KH096,Victoria Shaw,"41 Nguyen Dinh Chieu Street, District 3, Ho Chi Minh City",Female,0955678901,20/05/1983,victoriashaw461@gmail.com
KH097,Landon Warren,"104 Tran Quoc Thao Street, District 3, Ho Chi Minh City",Female,0966789012,9/9/1994,landonwarren197@gmail.com
KH098,Eleanor Jenkins,"39 Bui Thi Xuan Street, Quy Nhon City, Binh Dinh Province",Female,0977890123,16/11/1975,eleanorjenkins795@gmail.com
KH099,Adrian Spencer,"19 Nguyen Binh Khiem Street, Quy Nhon City, Binh Dinh Province",Male,0988901234,25/04/1987,adrianspencer330@gmail.com
KH100,Maya Stephens,"58 Nguyen Trai Street, District 1, Ho Chi Minh City",Male,0999012345,6/6/1998,mayastephens362@gmail.com
KH101,Hunter Adams,"87 Nguyen Van Troi Street, Phu Nhuan District, Ho Chi Minh City",Female,0901239876,19/12/1981,hunteradams122@gmail.com
KH102,Kennedy Nichols,"32 Cao Thang Street, District 3, Ho Chi Minh City",Male,0912348765,2/3/1978,kennedynichols439@gmail.com
KH103,Christian Bishop,"69 Nguyen Van Linh Street, District 7, Ho Chi Minh City",Male,0923457654,18/08/1986,christianbishop851@gmail.com
KH104,Aurora Chapman,"49 Bui Thi Xuan Street, District 1, Ho Chi Minh City",Female,0934566543,30/09/1992,aurorachapman832@gmail.com
KH105,Connor Brooks,"74 Tran Hung Dao Street, District 1, Ho Chi Minh City",Female,0945675432,3/12/1984,connorbrooks812@gmail.com
KH106,Kinsley Wallace,"85 Le Thanh Ton Street, District 1, Ho Chi Minh City",Female,0956784321,8/7/1977,kinsleywallace646@gmail.com
KH107,Jonathan Lawrence,"27 Nguyen Thien Thuat Street, District 3, Ho Chi Minh City",Male,0967893210,13/06/1995,jonathanlawrence359@gmail.com
KH108,Addison Porter,"93 Nguyen Thai Hoc Street, District 1, Ho Chi Minh City",Male,0978902109,25/02/1989,addisonporter193@gmail.com
KH109,Cameron Lane,"42 Tran Quoc Thao Street, District 3, Ho Chi Minh City",Female,0989011098,21/03/1982,cameronlane362@gmail.com
KH110,Leah Riley,"115 Ly Chinh Thang Street, District 3, Ho Chi Minh City",Female,0990120987,17/10/1980,leahriley967@gmail.com
KH111,Josiah Myers,"56 Truong Dinh Street, District 3, Ho Chi Minh City",Male,0902348765,28/11/1997,josiahmyers666@gmail.com
KH112,Piper Webb,"38 Le Van Sy Street, District 3, Ho Chi Minh City",Male,0913457654,4/5/1991,piperwebb401@gmail.com
KH113,Aaron Hicks,"49 Tran Hung Dao Street, District 1, Ho Chi Minh City",Female,0924566543,24/01/1980,aaronhicks830@gmail.com
KH114,Serenity Greene,"105 Cach Mang Thang Tam Street, District 3, Ho Chi Minh City",Female,0935675432,9/8/1985,serenitygreene723@gmail.com
KH115,Jordan Watkins,"67 Vo Van Tan Street, District 3, Ho Chi Minh City",Male,0946784321,5/3/1979,jordanwatkins115@gmail.com
KH116,Allison Foster,"88 Nguyen Dinh Chieu Street, District 3, Ho Chi Minh City",Male,0957893210,12/4/1993,allisonfoster996@gmail.com
KH117,Nicholas Davidson,"53 Nguyen Van Cu Street, District 5, Ho Chi Minh City",Female,0968902109,29/12/1984,nicholasdavidson811@gmail.com
KH118,Alice Wells,"74 Bui Thi Xuan Street, District 1, Ho Chi Minh City",Male,0979011098,18/11/1978,alicewells876@gmail.com
KH119,Evan Hamilton,"93 Le Van Sy Street, District 3, Ho Chi Minh City",Male,0980120987,22/05/1986,evanhamilton550@gmail.com
KH120,Samantha Woods,"37 Dien Bien Phu Street, District 1, Ho Chi Minh City",Female,0991239876,13/01/1997,samanthawoods881@gmail.com
KH121,Gavin West,"91 Truong Dinh Street, District 3, Ho Chi Minh City",Female,0901236547,30/06/1983,gavinwest754@gmail.com
KH122,Violet Jordan,"82 Tran Quoc Thao Street, District 3, Ho Chi Minh City",Female,0912345436,2/7/1989,violetjordan393@gmail.com
KH123,Nolan Fletcher,"45 Cao Thang Street, District 3, Ho Chi Minh City",Male,0923454325,27/08/1976,nolanfletcher806@gmail.com
KH124,Lillian Griffin,"58 Nguyen Van Troi Street, Phu Nhuan District, Ho Chi Minh City",Female,0934563214,15/04/1982,lilliangriffin375@gmail.com
KH125,Ian Murray,"64 Ba Huyen Thanh Quan Street, District 3, Ho Chi Minh City",Female,0945672103,6/9/1999,ianmurray160@gmail.com
KH126,Elena Graham,"75 Nguyen Dinh Chieu Street, District 3, Ho Chi Minh City",Female,0956781092,19/01/1980,elenagraham514@gmail.com
KH127,Asher Lawrence,"109 Tran Hung Dao Street, District 1, Ho Chi Minh City",Male,0967890981,23/09/1987,asherlawrence743@gmail.com
KH128,Paisley Alexander,"43 Tran Binh Trong Street, District 5, Ho Chi Minh City",Female,0978909870,5/7/1992,paisleyalexander321@gmail.com
KH129,Brandon Barnes,"87 Ly Tu Trong Street, District 1, Ho Chi Minh City",Female,0989018769,14/10/1981,brandonbarnes698@gmail.com
KH130,Bella Webb,"53 Truong Dinh Street, District 3, Ho Chi Minh City",Female,0990127658,9/5/1975,bellawebb566@gmail.com
KH131,Robert Duncan,"41 Nguyen Van Cu Street, District 5, Ho Chi Minh City",Female,0902345436,24/11/1986,robertduncan193@gmail.com
KH132,Aurora Alexander,"59 Bui Vien Street, District 1, Ho Chi Minh City",Female,0913454325,8/6/1991,auroraalexander212@gmail.com
KH133,Tyler Jenkins,"28 Nguyen Tri Phuong Street, District 5, Ho Chi Minh City",Male,0924563214,13/07/1983,tylerjenkins647@gmail.com
KH134,Savannah Thompson,"49 Vo Van Tan Street, District 3, Ho Chi Minh City",Male,0935672103,18/02/1988,savannahthompson936@gmail.com
KH135,Austin Armstrong,"78 Nguyen Thai Binh Street, District 1, Ho Chi Minh City",Female,0946781092,27/03/1984,austinarmstrong470@gmail.com
KH136,Sadie Riley,"60 Dien Bien Phu Street, District 1, Ho Chi Minh City",Female,0957890981,29/08/1982,sadieriley340@gmail.com
KH137,Carson Hamilton,"72 Cach Mang Thang Tam Street, District 3, Ho Chi Minh City",Female,0968909870,10/10/1990,carsonhamilton732@gmail.com
KH138,Natalie Harper,"35 Tran Hung Dao Street, District 1, Ho Chi Minh City",Female,0979018769,21/07/1987,natalieharper602@gmail.com
KH139,Jace Fox,"44 Le Thanh Ton Street, District 1, Ho Chi Minh City",Female,0980127658,3/1/1979,jacefox977@gmail.com
KH140,Madeline Tucker,"93 Nguyen Van Linh Street, District 7, Ho Chi Minh City",Male,0991236547,6/11/1983,madelinetucker695@gmail.com
KH141,Adam Stevens,"52 Ba Huyen Thanh Quan Street, District 3, Ho Chi Minh City",Male,0901230987,13/04/1990,adamstevens625@gmail.com
KH142,Kaitlyn Rose,"64 Nguyen Thi Minh Khai Street, District 1, Ho Chi Minh City",Female,0912349876,27/12/1976,kaitlynrose363@gmail.com
KH143,Nathaniel Mason,"77 Nguyen Trai Street, District 1, Ho Chi Minh City",Male,0923458765,25/09/1995,nathanielmason494@gmail.com
KH144,Ruby Cook,"109 Nguyen Thai Hoc Street, District 1, Ho Chi Minh City",Female,0934567654,12/3/1981,rubycook638@gmail.com
KH145,Dominic Sanders,"46 Nguyen Van Troi Street, Phu Nhuan District, Ho Chi Minh City",Female,0945676543,17/08/1985,dominicsanders463@gmail.com
KH146,Eva Hill,"31 Tran Quoc Thao Street, District 3, Ho Chi Minh City",Male,0956785432,5/9/1977,evahill935@gmail.com
KH147,Cooper Peterson,"93 Cao Thang Street, District 3, Ho Chi Minh City",Female,0967894321,20/06/1988,cooperpeterson230@gmail.com
KH148,Scarlett Evans,"59 Nguyen Tri Phuong Street, District 5, Ho Chi Minh City",Female,0978903210,3/4/1984,scarlettevans283@gmail.com
KH149,Parker Ross,"87 Bui Vien Street, District 1, Ho Chi Minh City",Female,0989012109,23/05/1999,parkerross358@gmail.com
KH150,Grace Butler,"47 Tran Binh Trong Street, District 5, Ho Chi Minh City",Male,0990121098,2/1/1986,gracebutler242@gmail.com
KH151,Roman Coleman,"69 Dien Bien Phu Street, District 1, Ho Chi Minh City",Male,0902349876,14/09/1975,romancoleman352@gmail.com
KH152,Ariana Bryant,"28 Truong Dinh Street, District 3, Ho Chi Minh City",Female,0913458765,10/7/1990,arianabryant243@gmail.com
KH153,Colton Cook,"53 Tran Hung Dao Street, District 1, Ho Chi Minh City",Male,0924567654,6/3/1982,coltoncook559@gmail.com
KH154,Kennedy Richardson,"91 Nguyen Dinh Chieu Street, District 3, Ho Chi Minh City",Male,0935676543,28/10/1993,kennedyrichardson956@gmail.com
KH155,Easton Ellis,"65 Phan Dang Luu Street, Quy Nhon City, Binh Dinh Province",Female,0946785432,7/12/1978,eastonellis958@gmail.com
KH156,Lydia Ward,"87 Tran Cao Van Street, Quy Nhon City, Binh Dinh Province",Female,0957894321,17/11/1984,lydiaward393@gmail.com
KH157,Angel Campbell,"98 Nguyen Khuyen Street, Quy Nhon City, Binh Dinh Province",Female,0968903210,19/05/1992,angelcampbell420@gmail.com
KH158,Stella Kelly,"29 Nguyen Cong Tru Street, Quy Nhon City,",Female,0979012109,11/8/1989,stellakelly592@gmail.com
KH159,Miles Mitchell,"41 Đường Lê Lợi, Thành phố Quy Nhơn, Bình Định",Female,0980121098,22/02/1983,milesmitchell738@gmail.com
KH160,Isabelle Bailey,"53 Đường Nguyễn Sinh Cung, Thành phố Quy Nhơn, Bình Định",Male,0991230987,30/12/1985,isabellebailey449@gmail.com
KH161,Sawyer Carter,"75 Đường Võ Thị Sáu, Thành phố Quy Nhơn, Bình Định",Male,0903459876,4/8/1994,sawyercarter621@gmail.com
KH162,Alice Murphy,"27 Đường Trường Chinh, Thành phố Huế, Thừa Thiên Huế",Male,0914568765,13/02/1980,alicemurphy198@gmail.com
KH163,Elias Perez,"39 Đường Điện Biên Phủ, Thành phố Huế, Thừa Thiên Huế",Male,0925677654,25/01/1993,eliasperez124@gmail.com
KH164,Violet James,"24 Đường Bà Triệu, Thành phố Huế, Thừa Thiên Huế",Female,0936786543,21/12/1986,violetjames708@gmail.com
KH165,Kevin Howard,"56 Đường Lý Thường Kiệt, Thành phố Huế, Thừa Thiên Huế",Male,0947895432,6/5/1997,kevinhoward274@gmail.com
KH166,Aria Bennett,"35 Đường Phan Bội Châu, Thành phố Huế, Thừa Thiên Huế",Male,0958904321,27/07/1984,ariabennett781@gmail.com
KH167,Adrian Ross,"78 Đường Nguyễn Sinh Cung, Thành phố Huế, Thừa Thiên Huế",Female,0969013210,15/06/1982,adrianross930@gmail.com
KH168,Aurora Martinez,"53 Đường Hùng Vương, Thành phố Huế, Thừa Thiên Huế",Female,0970122109,9/4/1990,auroramartinez111@gmail.com
KH169,Chase Hayes,"92 Đường Hàm Nghi, Thành phố Huế, Thừa Thiên Huế",Male,0981231098,18/09/1981,chasehayes425@gmail.com
KH170,Victoria Butler,"87 Đường Nguyễn Trãi, Thành phố Huế, Thừa Thiên Huế",Male,0992340987,30/05/1976,victoriabutler377@gmail.com
KH171,Leo Cooper,"43 Đường Lê Lợi, Thành phố Huế, Thừa Thiên Huế",Female,0904569876,8/1/1987,leocooper385@gmail.com
KH172,Elena Sanchez,"19 Đường Phạm Ngũ Lão, Thành phố Huế, Thừa Thiên Huế",Female,0915678765,3/6/1999,elenasanchez964@gmail.com
KH173,Bentley Barnes,"28 Đường Trần Cao Vân, Thành phố Huế, Thừa Thiên Huế",Male,0926787654,17/02/1985,bentleybarnes922@gmail.com
KH174,Lillian Torres,"65 Đường Nguyễn Công Trứ, Thành phố Huế, Thừa Thiên Huế",Male,0937896543,23/07/1992,lilliantorres784@gmail.com
KH175,Brody Evans,"75 Đường Ngô Quyền, Thành phố Huế, Thừa Thiên Huế",Female,0948905432,5/10/1980,brodyevans692@gmail.com
KH176,Aurora Hughes,"50 Đường Nguyễn Khuyến, Thành phố Huế, Thừa Thiên Huế",Male,0959014321,28/11/1983,aurorahughes445@gmail.com
KH177,Xavier Brooks,"33 Đường Võ Thị Sáu, Thành phố Huế, Thừa Thiên Huế",Female,0960123210,21/06/1977,xavierbrooks371@gmail.com
KH178,Aubrey Watson,"48 Đường Phan Đăng Lưu, Thành phố Huế, Thừa Thiên Huế",Male,0971232109,7/1/1994,aubreywatson847@gmail.com
KH179,Micah Roberts,"61 Đường Hải Triều, Thành phố Huế, Thừa Thiên Huế",Male,0982341098,10/12/1982,micahroberts407@gmail.com
KH180,Claire Foster,"72 Đường Hoàng Hoa Thám, Thành phố Huế, Thừa Thiên Huế",Female,0993450987,25/02/1979,clairefoster829@gmail.com
KH181,Jayden Simmons,"85 Đường Đinh Tiên Hoàng, Thành phố Huế, Thừa Thiên Huế",Male,0905679876,4/3/1988,jaydensimmons812@gmail.com
KH182,Audrey Rivera,"97 Đường Nguyễn Bỉnh Khiêm, Thành phố Huế, Thừa Thiên Huế",Male,0916788765,13/07/1985,audreyrivera204@gmail.com
KH183,Blake Patterson,"101 Đường Nguyễn Văn Linh, Thành phố Huế, Thừa Thiên Huế",Female,0927897654,16/10/1999,blakepatterson179@gmail.com
KH184,Riley Long,"12 Đường Chu Văn An, Thành phố Huế, Thừa Thiên Huế",Female,0938906543,1/10/1995,rileylong189@gmail.com
KH185,Carlos Perry,"25 Đường Hồ Xuân Hương, Thành phố Huế, Thừa Thiên Huế",Male,0949015432,9/7/1980,carlosperry849@gmail.com
KH186,Zoe Bennett,"34 Đường Xuân Diệu, Thành phố Huế, Thừa Thiên Huế",Female,0950124321,26/04/1982,zoebennett695@gmail.com
KH187,Weston Sanders,"57 Đường Tôn Đức Thắng, Thành phố Huế, Thừa Thiên Huế",Male,0961233210,29/03/1990,westonsanders242@gmail.com
KH188,Kaitlyn Brooks,"78 Đường Bùi Thị Xuân, Thành phố Huế, Thừa Thiên Huế",Female,0972342109,12/11/1983,kaitlynbrooks528@gmail.com
KH189,Bryson Mitchell,"19 Đường Lê Hồng Phong, Thành phố Huế, Thừa Thiên Huế",Male,0983451098,18/04/1975,brysonmitchell736@gmail.com
KH190,Bella Coleman,"28 Đường Lê Lợi, Thành phố Hội An, Quảng Nam",Male,0994560987,21/07/1981,bellacoleman291@gmail.com
KH191,Everett Hayes,"39 Đường Trần Hưng Đạo, Thành phố Hội An, Quảng Nam",Female,0906789876,5/9/1992,everetthayes662@gmail.com
KH192,Penelope Ford,"50 Đường Nguyễn Huệ, Thành phố Hội An, Quảng Nam",Male,0917898765,17/06/1984,penelopeford895@gmail.com
KH193,Maverick Bryant,"61 Đường Lý Thường Kiệt, Thành phố Hội An, Quảng Nam",Male,0928907654,10/8/1986,maverickbryant434@gmail.com
KH194,Jasmine Hamilton,"72 Đường Phan Chu Trinh, Thành phố Hội An, Quảng Nam",Female,0939016543,23/02/1993,jasminehamilton511@gmail.com
KH195,Vincent Foster,"83 Đường Nguyễn Trãi, Thành phố Hội An, Quảng Nam",Male,0940125432,8/12/1976,vincentfoster606@gmail.com
KH196,Sophia Brooks,"94 Đường Trần Phú, Thành phố Hội An, Quảng Nam",Female,0951234321,19/05/1989,sophiabrooks749@gmail.com
KH197,Wyatt Lee,"15 Đường Hùng Vương, Thành phố Hội An, Quảng Nam",Female,0962343210,4/11/1985,wyattlee585@gmail.com
KH198,Eliza Ross,"26 Đường Điện Biên Phủ, Thành phố Hội An, Quảng Nam",Female,0973452109,27/01/1997,elizaross997@gmail.com
KH199,Grant Webb,"37 Đường Lý Thái Tổ, Thành phố Hội An, Quảng Nam",Female,0984561098,14/06/1978,grantwebb266@gmail.com
KH200,Melody Henderson,"48 Đường Hoàng Diệu, Thành phố Hội An, Quảng Nam",Female,0995670987,22/08/1984,melodyhenderson200@gmail.com
,,,,,,
,,,,,,
,,,,,,
,,,,,,
,,,,,,
,,,,,,
,,,,,,
,,,,,,
,,,,,,
,,,,,,
,,,,,,
,,,,,,
,,,,,,
,,,,,,
,,,,,,
