columns,key
id,AAAAAAAAB7x7InBvbGljeSI6ICIoKChBXzAgYW5kIEIpIG9yIChBXzEgYW5kIEMpKSBvciBEKSIsICJDXzAiOiBbIjI6YklYNU8xaHQ1R2oraWpxdWE0NjV4TmFXRHB1N1lZNHRjaDVmeDJUa3FLOUxiUE05SytEQnJOVVNIUTFtaFVUbjB5UmJGL1llM0hwR0oxd3lZQWJ1TlFBPSIsICIyOkxMb0JjQW90Z3luMlV0NXhjWktBYTl6VDFSQ3lhOEZZTDRMdGdZMWZrNDBKblZLLy9sTzNaSWNuY01UR1RFUnJCTFZ0ZnVtMXpMVUN5bVorblhCZlNRRT0iLCAiMjpwTTU0NTlFdzVDblVvSDlxYnJZT1ZNc1h4WXVmSVlnZHlhMERlc2hwbnpWN1Y2ZkwvNElyY0lDd0FwNXVxWTBycEN4QVAvblFRbXhGdXhPNm1wNjVIZ0U9Il0sICJDIjogeyJBXzAiOiBbIjE6cHpOcURLREY5djhSVVpPOEVlYytvZ1RIeTRna0pqanlUUWhneGlnb1JaNDlpT2l4dzNaZzFDdVJ5Y0w4MEpocWsrZHVDYUpFOVp0bDMvSVRDRzFsWFFBPSIsICIxOlg1SWtoT2NqTmtYMDNiV2RzOE43eTgvR2RBdU9NN1EzcGFqMFNvZ0twTmE5WnRUWHFGQXd2eWc2OVlRRGpiTEhKK2dkeG5HdUNtNnRtcTFVN1ZKOVlnRT0iLCAiMTpBYllPUnlkNkUwTDNwMCtlakUrSURYZEpDdjRteFNsWW9WaGRyUGNwTUdSZ1hWNkFKM21Wa3h0NThXVkpKRHY4S2d2Z083Y3MzaktsZjZjSlgwS0lHd0E9Il0sICJCIjogWyIxOlFmcUVRWHgzbkgvY3FpTlVJNGU4bVQ1aklZMlhYNDdScER1MHJUNGVmRStFQ21QSWN2dkM3UEpkbFZvQVpwbjNSNzd4NTJVY2sveWpMNlVTZW1UNzVnRT0iLCAiMTplclk5aElrY1h3RFg0UWJ1YTBTVy90YURoenV1T2dCK3RORkJqZHlTL2JINlQ1WUk4cVZ4cUV6WWsvZFVzVURwL2hYanJZenVzR1VlTjFtby9qMHQrUUE9IiwgIjE6SXptU3B5RkxtRGM3WGVKY1A2anlYQm1ENjgxQ3pDY0dLOVVDOTh4R09Hdi9Uak1BWU1Va1kya0VhazlZeTR5djErM2lJOUhnbkF5TXR5TWZMTlo4WHdBPSJdLCAiQV8xIjogWyIxOlVyQzZTcWJWWDlvOUNDOCs0NW95WkNyODRBaXVkRmdscnJpOUlPQ1JxVC9vTTA4djBFbkgzT3JzUHNyMENkTWcwY2RRYXlEYmR6eWV2SmVtTk15ZXJnRT0iLCAiMTpWb0ZWQ0p3ZEhsVlY4TC9waEs1a1B3eDdQbkUyYS9TejBmaTY3a2l2MmJCaHJUZkRnaVAyL3pMWDRnOHl3SHMvTTRtNTV5Ky9ndmRjK3NKeUNKRHlPZ0E9IiwgIjE6YVVXZENxNk5URUdKUE1WektHS2NxMGVva2FJN3F0YTIxa1RNUDk3NFFidWR3UCtXWTI1bnA4aDRpeVhTMzRWN0RjZHBMSnBGU24wc3lqN2VRcy9nK1FBPSJdLCAiQyI6IFsiMTpITFJQWTB0bUYwTDBKcUhzeksrRGxIVDZzcVFZSlFmdHM4R0RQMGVvdHBLK3NkdXYzQ0RUSjNxVklPSDlaZ3VvMmFycTdBSVJkbUpMYldndzN2WTVxZ0U9IiwgIjE6UXR2QnFDbzN2dllXclAzRjBCcTlYYVdESlNPS25nNERXYjNZaVFSVlhRTGJjdTFvcEFaZENkVWVJNXF5MWNUaXZ6Ymd0QmNray8zZXViQ1NxNFp2cWdBPSIsICIxOkFXNTI1NHkxZnI2US9yc1BROWt4dVRxQ2JvNHBaM3BwcUtwaVRnV2FrN0RzQW1LSFRlT1R6cHlJTWlKbFZYeVkxNExGY25jWjdnbVNlV2dTbnZRZGJ3QT0iXSwgIkQiOiBbIjE6RGtqWVdURG5CdktuU3VmcFl5ajFoMXdGUkNOcDZKMFhPL21GV0ptL1BuczFGVW1RTDRnRjhWdU9Zc0pWM2JKSE1xOEZ1ekFIVGRDdGl2bldub1ZMT0FFPSIsICIxOkY5azZudlNENFZzZzFDdUdnU3pDOVYwaVB2Qkgwd2JCdU5PUmhqZ1JRZzgrdWVVNk9aQVFjYUltRWRreHhxRHJubC92T3F5S2xxNy9EOWhsKzRBenJ3QT0iLCAiMTpQa1ZBdFJIRVpDSVhtRmNjdTlwQlF4WVFCYWJJTnlwWFVNMlNacGFURm5tbzBWVFdqaWFOTENQeXduSkdzUGZiTlRWM25IcGFScEs3T0FtQ0VmK1kwQUU9Il19LCAiQ3AiOiAiMzptRmdWNUcrbm11dGhGNVFBcmNIZmdnRElVeEpJeE1obmFDdjY1Q2kvOTNwUXZXN3hhYUdadm40MGFJSmVJNk5ydUtiS0QrVkl1cXU1NytMUFF6aFZ4aTFwa2s3cW9LK0srM3ZLOFdmc244QlFoTmY2K21Zb0E0cXdvNEJhSnJvWFZvUFhNTERJVXMyM1Q5Vm5zUDdWeVowUzlTTTlvQWxDRWlpeGYxMEljNWc9In0hrInFBr3l417soigi/LShagIpVIjnznsCknwzKuUDV7K+Zg5aPifk/aahEH/H6Z6KKec5C8ItepeQiNsh6wmz9IE9RAh5v2vTd7fF
name,AAAAAAAABDt7InBvbGljeSI6ICIoQSBhbmQgQikiLCAiQ18wIjogWyIyOlJacUN4eUdzUHgvVFFERWIrbC9YRU1sVi9hU0I2NkxoRzBPcGJDR2N0NjN1VXcwY0FSSGFxZTJJM3IrTHNrRE01T2JMVEYvWTBtS2Ira1YvNFBOK2h3QT0iLCAiMjpOZkJRamh3Vkwxd1pjZGNmRlcyNDBraFgxWFkrYnBQVVJFK1lERTU1eG8wK2ZoY3dlMzhqLzBjVU1xeW0wbEY0YnVFVlFUZ2Y0WnFKWW1qOWpvUDlwQUE9IiwgIjI6R0M0d0Q1S2plYlJCQVFKeXM3QUhsOWRiWTNPc3RlN3lkODBZc1pKMDJ4dUVzUHhGdUVkeC9qdzBFTXBqMHdRUHJxMDdUdGtXWjBVMXZ0WXJsZENTQ0FFPSJdLCAiQyI6IHsiQSI6IFsiMTplMGhZeGNsd0ZLQlJGYjIyQlBuNm4yQ05ROXh2WEpnVzAwNlJpeUNlWGlUSzdIbksyRGFHSDNNbVJLenZoYWZaTHZadTFIdUloZUtwUlRvWmJOcUFjZ0U9IiwgIjE6TUpVOU1rOHFKV2RRUzdCU1B4YS9qWE9YbW1JYVFEd1pvRXphRjFCZWRCNlhVajNmRUx4bWh5WlMwcTZJVnRXbVZOT05ESmZVNUMzN3V4MTZVajNvbXdFPSIsICIxOmJ1NFNGR0krT2hUQjJVK1lvN3ZrNjk0MTYvT0NNcFNqZzJMd1dhUzdTSzNXSTZIenJCMEFyQlh6b3o2V2sveVpUQ2xQK1lscTN5QVpSQTZ6V2FjeTh3QT0iXSwgIkIiOiBbIjE6SCtGSnFnQUlGSmgwSTR3VlF2Qko1Z01IZWw0azR3eHR6eHVaS0c3YzlISis5Tm9OaU9wZDE3U3l3dUs4ZVhOdkRLR2ZHekpPZnJBdTBQRXJlbjRHTFFFPSIsICIxOkM0Rlp5cUdMcEMrM2M0a1BVSmc5cXZGUVQ3SG9YMnBEcVVZSkJjbTU2S1VhYWRyQTFmL0NjWnN4QzFIUzM4MnpMVk9SRHNOeTZYNUFDeStFRUU4L1pBRT0iLCAiMTpocUFvaWdpSkl4VWk3ZmFmQ3l5ZE9ZcDJsTDhEUjBUMXRaOUxZUE4zZjFNb1RkNU04eXUvSU81MDBiQmd0NFUzcTB3bVQ3VUR2MmVzZldGblBIOTd1Z0U9Il19LCAiQ3AiOiAiMzpnWGlLRGxDd0VRQzMwOTVnVnJrd0x2T1pTT2Y4OFpDRnRicjhURCtHLzlCRTZ3cXpqU05DcnVaeFBRK0NnaWY0WERZUis3S0RXVzZTQjFEQk9DYUJuWUw3QVZaYVFjV1RGM3B1TENmTE9WQ0t6SE5WMlNTTEtSYXVZSElpMkhraHVILzljbzNIYWZLb2FsMmRsVXRodXRJMWJqQlN4QjZwT0dPYmIxdGJoODg9In0er65Wu/y+RtQYcW+WL2pvxZTVpZUvy4PPfNmTHNtiI6hSJM2oD7vVyAWhUDBCIGrGclggSGQuMhY4FndKbmKJk2oR6OTlJJCw8aeu
sex,AAAAAAAAB7x7InBvbGljeSI6ICIoKChBXzAgYW5kIEIpIG9yIChBXzEgYW5kIEMpKSBvciBEKSIsICJDXzAiOiBbIjI6VGk3RGFrTE5NYVVYRUVUbGtNeWZXNlhWd2xYM04ya0hnTmZVaklMbjlQYldnU1dFVVZQR2pLTE1JQ3hiSUpQZy8xSWpEWTRteWxuNjMyOXowb3hOYkFBPSIsICIyOnBTSmxlbm5YRFFOWGRELzloR3ZxekZyM0VGMU8vSEFldkw3K0pJSGZnRDlYUzU5UmRVMWZoN3FOZ2haM1YzaEVoMVVYNjhHZ1hQVDdUNmxEd1QzdWVnQT0iLCAiMjpQbFh4MWlqS0k2dWZoWDFwa2ZndittajRvaFBld1ZTZHBzZ1BjOHFYUThmTjJYNmhGYTUzTTlTSGk3QU5XNzRtaXVwaE1JS0JzRWJvc0lLanJnOEFiQUU9Il0sICJDIjogeyJBXzAiOiBbIjE6WW9yUUFnc1gwa3RrR0xqS1BiSFZIUzFTWHVjNnArTVVTcVRMUDltWmpvNTZNejMxbzlkRFRJT3BCbXRFb2k1ZXNJanhZTTdNRnhwbkNjT2xyS1R0S3dFPSIsICIxOm1vNktKTkk2L2IxaDZvd1ZMYUxENTE1RTlobnN6L3RWT2xQckFYd3FpeVBJbWpVRGpzeFN0NkhSNjVtUnROVFY3SVBsaXdPNEJGcmNnQTNhZVJyb1FnQT0iLCAiMTpnUkNPem0xdTJFM3FIL3NnZFZGdkNva3BCSDhCdW1SMUg3NzhhV0J3cnZ2cWZKd2FpQ2dyV3FHSVpiNk03WklWWlZzd0JhQ0ZXbWRHWm85d1h1WkhwZ0U9Il0sICJCIjogWyIxOk1SUjNDczlBaGdZSnlBeFkxVWkwSWJYakRVZnhvYjI3QjdDQkhlMm9PRGc2S3JqT0V6ZHYrVms2WWJWNG52ZW1YL2twZGtxeWgrbGdta3hrR1VEcXdBRT0iLCAiMTppV0dFWFhiNlhxL2JuUTV4SHdEVGV6Y3BDTmU4TUdlSXljeUQrWEM1RjlLZkVrUGZ0Wi9YQS81bmFqVjJrRXMyY2VUeFRuMjY3WGJhS1JmVldZK25hUUE9IiwgIjE6R0VBc1BzcmFMOGlDMm1DQUEwRFAvRTgzNTBJK1hlbkdmS3BSYVRZRGl6ZlJ3cktPKzdEOU95dVUvZHpOT3B6bVQ4Q2J2WE0rM0lnZUdYOXNoYzBRYWdBPSJdLCAiQV8xIjogWyIxOlZOVzcxaVFmRWxTRDdWNlozbkw3V0ZQV2p0REZRcWxiZTZycEFaSk1DWFppYzhjLzRBN2QxUGtkRzVrSzFMYWw4d2JibFFZcHJYcEt2OG5Fa2UydE13RT0iLCAiMTpaUW1iV0dIdzRPMzcxN2lsNGw5dk5vTGppT3Z0c3p1YWhjU21JV3V5MWpVTm5UNDQ4dVlPY3c5cVJGdCs4UCtnZXJ4Uzd1cFBISURkeVF3blgxTFVRd0U9IiwgIjE6R29pdVlGMG1lVTdqSEh6aUFITXdmSEdPSWhVbHV6NGFVTmcrNDc0b3owMk90UGhKWFlBNzhYUGtPYkF0SFUrcis4ZFIrZ21sUWNQSDByR2dWbXp6MHdBPSJdLCAiQyI6IFsiMTpoUUZ2MXk3UTF5KzJaZHpjYUVmMnh2aG9KNVd5WHVSMkRKbVF0UklqeDlPYmVjM0Q0b0FEVmtnT0ViUWhYOU8rcFM3Tll1YTdnWVl2TTBFM0hUdzI0Z0U9IiwgIjE6RlRhaFpKZEFXSUNkYUY0a2hFT1dBQjBFWVJKRHloRURZUEtQNW5TYXA4WEZOanVqa2I5ODBjTndNU2EwNHJ2clZRdWVJaExqN3c2UHNSRzRDL2Z4VXdBPSIsICIxOlY5dit2dFZ4NHkwSnNic2JLM05tcHB0V3RWeVNtNml1alVkV2VNVlQvUHdkYko4VzJKay9ScjUwa1VGU091V0VJdkR6cFNJem9xOGNxQWxWY0xXakFBQT0iXSwgIkQiOiBbIjE6T0d3UmwrSHFBN3VBV1NtTWNJR1l0WXA4YlF0L1pRWS9yckpocjVBWDlQZ0JqaVFmdzZ0eXF3MWpZSnZheTdlRndyWDBTdWxHQUl0YTFWNThiQkUyU3dBPSIsICIxOlBWcUdvby9seGY0VDRRZzQwbU93WlliNDl1NENyemlaZWNuSUl5M2NvWVBndjhwRW55elNMUGNXYWdPNEMxYm8yVHF1WHZJMGZqTHV3SStVeHloOWp3QT0iLCAiMTpnUkVVb3VZSVBVdXZjeUZRck1Wa0o0cFA0R0xSYWNsYVlIN2tGL2kvczI2QUZMRGVnZE9NbGMzQUprOW5EcEIxWHpNMzA5VG1PZDg3SDBPTURQa0Evd0E9Il19LCAiQ3AiOiAiMzpKMXFEZWhKS0ljUjNGVUszVGhPNll2cWRLK2dJYlpaL0NWQ21QZlFQRHVKTm1ZMG5OWVExTEE3QjNpeVg0SlZuU1dheDh3dlp3Z1NGK1o0S1VHMFd5SVVxWUMyMXR3UHRCZGlYVDhUK2Vla2w3TG00eGNhM3VGSGpVTktRQUxKYWhhWkwvNDdTc3JqdlNYSm9jKzdRMWcrY0Zva2M0bVNzZzI4MFNJeFh2K3c9In1xp4rFWgJ7WYwd4dStpmIEGSR+baEcrHaz/tOXWPlk9YNRWFiGV2u/47BTnE+QB5JUj9jVOmpZSeMidpsI5W1pNmoNUWBRLSz2mEJO
phone,AAAAAAAABDt7InBvbGljeSI6ICIoQSBhbmQgQikiLCAiQ18wIjogWyIyOmIyM1F0WTdvY1lWeEpFdTRTSXh1YStZQkszTEhTQmhrenNHWFNMdTM4N3R0R1BlU3RCbWdCWXliOGZzZk9lQkR4Zm5GbUFvSDQ5ZkIwSmJUbWlBRWlBRT0iLCAiMjpSckIydmxNbDFYbUk3dDdTYithTm5TUW1scmFRYXJnUC9VWVp5ZTJ6MzVrRGJCdlJ4aVhWKzBkNUJDZFhsZW0zMTF5WFpIa3kvWm5NY0szNndNdEdhd0U9IiwgIjI6T29TT1laUjFOQmp1czRJZnVLbU1TVmQ2SDZiamlZem5JWm9xUUhDNnVDb1hvUG1mSUw2YkxiMWF6RVB1akwycHZmdHlYNkVoamdoRGdjSzhUL1lTUFFFPSJdLCAiQyI6IHsiQSI6IFsiMTpZVXJVWk5UOVowRnhkWjh5ejJMZjViZVU5R1RnZ3JFcXJ5R1c3TDlkQXRZd1hkSmlSUjk1NDg0U1VHU2xEanJqcWRBdU1seXJ6ekhtUTQvMk1CMi9Pd0E9IiwgIjE6SS9Vcm5yQi9pakFpblYyUVdZL1ZwZVVjaGpwRWw3QS9TSzNtSlJ6OGZFUnVzTnRtVDVSNExrTTlnT0o4WExBY0JVS1VuNVBzRGR4dWhNc2QvUllsSndFPSIsICIxOk00bE1YSHIveHlJazlMcWswOWJVemhhTldTME1UYmFmVG1zZzRTd1RpNWhSVmFvZGRFZUpaalk3ZEtjdUFqWVFKRENudkNuNXdlZlVsM1hLaXYwY1R3QT0iXSwgIkIiOiBbIjE6VGVTQ3lJa2hKTXAvK1lObnRlSWdVR21QbmN5TGRTZDlQcFNFcmpqNFRXak16QmtiNzhWL1VhbFpXeGk3SXJuMDdhdWdTWXBxVmNMSTlpbFBOS09CVGdFPSIsICIxOmFJNVBoK2JlMGtHcDlFL3lhRThvaDMrZnR0NGlHUkczRlB4djkramlKWjVGWGFUNjZRQmY0dTJQeWVaR0FBQVpjSHhINlFKbVMwSXRsU1FGN2J3T2h3QT0iLCAiMTpBdGhFdkNmeUtDVDJaTE1ORDFldVBDSnFrRmZrNHBEMmx4Q1NKZFR0OWV5UWRndlNzalBVVWcrZElBOGVrdGdSeTlkMXhyb0VPeXI1VTBwSW1Na2hlQUU9Il19LCAiQ3AiOiAiMzpNSkxNM0VyRzFjTXExd0xMUHpSbUVudnVRMy92T3pKSHl1eERwSjFtTmwxQUgzeTlHYzVsSDFhajlWMHB1WldHQk1PVlVydWMwRFdHTmViZmhRR3AyREJOM3hvb2ZQeGp4a3hTaW5QVlpwNmxHWGxwSnBvZUdJdXV1c3RKMHBxa3pXWEhzT1VrRVBBT1VjeEZaQkpSdWJaam0yQ1czVXJZTkxIamxkV1pmT0k9In0cmrDFW7DIIamMIg308MuS1mjilJHg/lAyOSKaLH5S/bIlJG/T2js6n61f8Yrsv21nTY31Q+8R1Xwbgwz/35/LwjD36t5Ej5GimdFq
address,AAAAAAAAAxJ7InBvbGljeSI6ICJBIiwgIkNfMCI6IFsiMjpSOHNLVXZiN0F6SEh6bng2NTFxUXZyYWJYRUtrWXIwYy9rcGJrY3pTUEN3amZTNngxbW8vNU9NUE95QVZJenltTVBsN1czUm1LcXFpdHB1OXpobzNrd0E9IiwgIjI6TzVJYjlWRWw1QnR0N3UycWtnRFc0cmVNei9BVHVlRUZjUWVXcWRFR1IwcTZhUzlMR1RxOXJUN1MxRWJtUURkbmZyWXYrbTYzL1ltK0wyNFAzMFlIaUFBPSIsICIyOm1lNCt5M2x1bnhLR2VRWXphd1dNUFpaMnE0MS9oNVJKUEd1c2cxMWxiUFlQU3c4VWNMcXNyYkVleWZseCtiVXpRV0pNWmRpcHZBbEhGeDVXVGlVRlFBQT0iXSwgIkMiOiB7IkEiOiBbIjE6UDBFUnNJNmU1MUlLWjhoWTdwUjNsYko5U3gxbTM2OEp5Z3g1SDU1dlF5T0crdU1tc1B2eGlHVUJWUUhodS8wMFlWeTFFbEk4YmNzTlZlTFMxT3JONWdBPSIsICIxOk83UmRxditablA1R2dZQ0ZNUXJxQXJGbVJjNENqSm5mZFB5Uy9kSHhQdm1WN1hxQ2J1UWdOdDRZSDJWbStzUGNzQW05SGg5OFppMUcyQVpvQVd2cWJBQT0iLCAiMTpNQVN2SGtDWnVOWmg3QVRyZ2tTcmsydlU4NnNMQ2kwYWFleU11QTVZazBRcVZGQ2xpZDd4RytIQmd3b3pyU0hMZ1RUT1RZc3E4WmloMFhVZllYdG5mZ0U9Il19LCAiQ3AiOiAiMzpIWDFtUnBtVXZiWmt6ejFrS2RmdXo0UWZuSUo2ZHBTelUvNHo5MDRXWkZBQXVvNGpkNTlwTzdrdGlDTHBRS1luWnlwT2pSTjZwYUI4VkRhVHc0b3RyNUE3R2lxMFRPK0FHbEFmRW5LOEFtVUU0Z3JORUhrU25VUUFONW5CYzliemxSNTlSRk1nNnpSR2ltWXMvS1luZlVlcVo4WVFTbTlVT3NpRTYydGo1eXM9In1T1/8bvp+JbDfAveUAiEhHsifwRcY5//dhv1ktB2KUY2fAoEUtfnyjd+d3fHYgIIgCVmr46/5yU7V0pexOkPAVr/cp2Sp48/ZsshBB
birthday,AAAAAAAAAxJ7InBvbGljeSI6ICJEIiwgIkNfMCI6IFsiMjpGeURSK1ZIK3ZkdjIzWFc0ZUVCQzQxTXFkV2ViM2RBS2RReVpFRDVIRnBReVBjazNUeEVNRHJTNTRSZDE3MCtjeVdyMmhYdmE2UGZGN1JYc3ZRTFFkZ0E9IiwgIjI6YkhRY2VZWW1xbGZ4K3o4ZkFYeDFDaTF6dHBFMnRxK0dQKzY5dGNBSjBnR0hUY2FiT0syWlF5UlUxdjlpaDBWeHhzd1NYaSttOUp0dGh5eStOWW9vSVFBPSIsICIyOmpaV1AzcW5ZWkI1QVFGWkNVRUtIY21hSHF0eVFVSE9kMFM3dlNrQWo1akpyeG9MQXg5VlZoY0pFRkY4elZJa2J2bFkwcmZOek02ODdQaS9UclFWc3ZRRT0iXSwgIkMiOiB7IkQiOiBbIjE6U1hSQXkxMzBocFdjU2J2bTVCZmlRckFsY2tSL1Q0NDJjV1JhRFZNZXpmL0lXUDQ3VzV4VmhYMUYwM1hXUlQ4NElLMkxhWGVva3ZwdTZxREhiNjhnQ1FBPSIsICIxOkxHVlpnbnh6eUVWZDlwaFhkZTZsTjJnTUhhQWV0WHhweHJJMlNNMTFWZHc5L3ZWYVdlb05iZk1UTHdhTUFNT3BRemRqQWNJUWZjQVBsbDhnWUVLYk9RRT0iLCAiMTpBS0wrSFNEanA5YkN3MVVxYUFIdW03MkU4aWtTTEdWbUlYQ2RkZGJ2dEMrY0pOTldaaThSQTdEQWoxSStHbFVOM29EQUFNSXFqc0l6aEJjUTFKSjFNd0E9Il19LCAiQ3AiOiAiMzpHV28rTUtxRi96SEJadDY3dCtjNUhTUjc4L0h3aTcvd3FXV1NyV3VCWWQ1UlBHWTVJWXdxYmF4akhpWStlWkRNWWhsN0R6eTBURkIwUVk2VUZoNHZOaUF6clZBczhaMFFQcjg0MmFmQkt4U2JLcEtHSHNwY2t0K3pHaENWdFlBV0ZKem5PbTUxd084SFhHTnEyWUJPN2dqcmdCSVJBZ3I3VkZnWjdKL2IyK2c9In2sf+ek7Z55qD1eHisLoneKZrLvp/wWZNXAj4Yt1KhUiuap0s9QZUdv6wy8+CJf+57/jw6iYqeWZkWmPGFRIwxfyi5DOxoWu4wqP5di
date_join,AAAAAAAABWN7InBvbGljeSI6ICIoKEEgYW5kIEMpIG9yIEQpIiwgIkNfMCI6IFsiMjpIblJRdnE4TnF2cm1NSkM2Z1hDWVd0Nlg5dnZLN3JJdWZkWDJXTnRIaXJxbFNTWUVkeGprVmNhYUVwNDExV1VnSTRFN3ByTFh5bHozK0xkcllDVUw4QUU9IiwgIjI6RmR5LzFvTzJ4SDJtUTVtNmVWSkVhdkhSZlU1d3d4b1lLRWVwRFdSTmNWcGhOQ0laYUVqVVpvYzdYcVZ3U2dlT0FEQllPTG1JcDB1OUlBVHBGUFZ2VVFFPSIsICIyOkN1MTV1MG11NFJUYlZoZERCT3EyaHBFNTI0NDlRTlpHS3lpN1FhVVFUK0NpajRPL1VsRWtiUDdUYkdoNTVaZ1lZdXNlZFhZUTdyWUxoOW5EMXI0WEJBRT0iXSwgIkMiOiB7IkEiOiBbIjE6WU5ydUJqQm9ad2tjYnhDQXc4Zm9aKzZCTFVhTThVWHhrNi9LemNZMDF6eDVtazhRdllRYkhISStrUkFwUUhEZFpxNnNIOUVFY1MrallScCtCQkVVUXdFPSIsICIxOkkrR01TbWZCaXZyaml6alN2bFA1RWJ1K3Z1bVA0eGh3b1ErSG9uaHQyc1JSRC9TaEhvWWZ4RjgyMXFlQlRpN3dFcS9RUnlneTk5Q0ZVRDFneWF3V0tnQT0iLCAiMTpFUXJlaW1rOGFkMjlsSUFGcngzN3Y5T2RjTi9JZlhQbTJBVlloSGsycGU0TlRkK3JQeHZsMjcrbXE5OXhXa2ljTTMrTGFObFZMeGdRV1lqREg5ZGFXZ0U9Il0sICJDIjogWyIxOkZwOUJHcUpTTkxxaThhVWVzRWpxTzcvdEZLRVI0UHVRNE44QkxaM3pRQmlLOXd4Tk10bkJnTTJGQ1U0ZmhrWFRyeHpXMkR6OWUyQ0hFeDVCc2VWS0pnQT0iLCAiMTpRMmNiUEpWazd4YjlTSWRmbE1FOWM0dXE5L21wV2NFTlBDWGd1VmhmOXY5akdUWXRtWkJXNGdick42NDVZYVpRWFRvc3JSYnQ0c1BGK3VFUElSQzFyZ0E9IiwgIjE6TUxHUnZrUGhvNXVIMWFmUitBd0J5WlRFTy9RMHlCWlBSMU54S2c5bW9CbnZWUG00czh2QndMcHNkWFFzTnJKVFA5RTB5LzZXOGJ6Yzdqb0plSyt1dmdFPSJdLCAiRCI6IFsiMTpmdFh2WGNUTEp2Q1ZYRkU0dWExUnVmQWc5emt2OFRKSmdpUTB6b0QzS0IrWHNsR1JaUGd6UW9INDhCRGpzQlhaS3ExUEcvWTBIcUpqTjR4Wk80M1daUUU9IiwgIjE6ZTJHa0Nwc3c5VDFhWGpEekR5Uk1idmhqYkRlRmk5WFdUQXZIRFNhb3hsSC93R3JZZndQUTY3T1ZVdElqN1VxT1R4YmJPek8ySmdyTWpsWDFMTGZUVkFFPSIsICIxOklsNi9uT2RudW1DZWE1K2E2ZWNlTE5XamtZRThkUWQzUW5hVDNNVmZyZnA4ZXBRSSsxMVNYOUZxNGRURit5aGhaQ3pVYXUwdmNHWXdXVU02MTQ5UTBRQT0iXX0sICJDcCI6ICIzOlB5ZEVVSVlBTHJmTm1qMTRJSUhzM0g3U0JVczV4VjlZNkRoTjRqYUxBY1pNVXN1S0dLczh1b25HL0hQUG00Szc2QkZGQU4rWDlSNjZWK0IxVkFiKzNUdFBsbDJodm4rU25VR1BCTFBIbjlWSlRGTEdPRXYyVDRBN0dFUlVmMS80R3ZtMURlRjR0cFhZSjQ5Y2hzeVA2dFlJMGlmang0aHJ6a1Z5OW9PTDJHdz0ifZBMzdR/dGrxBqsFxUJq1Dcd/1fmEv4Z571xn5Qgp865pjliTdpqzDBsmKIWjRLeeGodDiKLVwOdrTld16qRWP8pi7Smerugyepdgew=
position,AAAAAAAABWN7InBvbGljeSI6ICIoKEQgYW5kIEMpIG9yIEEpIiwgIkNfMCI6IFsiMjpJaE95SGI4MER5eW5YM3RmbkJxUW5IcE9RcWtMVG9GaFY0eTNvRWw3RmkzZ3hTZ3FGVkhGVzZJVUZjT3hTQnFIODg4WU9TZWlJRUxLaFM5em5MUjYvUUE9IiwgIjI6TElxdkhsMXRZWjN2QjRUbndMUU5NWE1kSzkwcFNITU9nR1Q3aG1iYTAya0ExQktYUFN4WHF0bXVkYlJzVWllUDZKRWtjOGduTFFDSzBkL29BcDFyNWdBPSIsICIyOmp3VjYyN2Q5SU5jYXIzbFl3Z08yQkdTWG9CZW5FUlIwaXYwV3pORWljY3JNYjliS3k1cWl4UVpjcTdLQ2RPWUZmczBuNFNsV2FIbWk2UGhhNHBKUjhBRT0iXSwgIkMiOiB7IkQiOiBbIjE6YU5qZXhTUWtDOXp0T2NQM2prK3ZHaUFhelBuUUp1R25DRGdwaHY5NmV4TTUvY0ZrOUpiUW04VURTUXNya3djcXJXTHZ4TW44UXdvemJGQW1mc3FiNVFBPSIsICIxOkM1eHBKSjRsTmp4NlRFOWJlY2t2c3Q0VlZtU3pQYVF0QitTclhPcjNwYkNyQ2xLSVpweHZ4MUx6QWNiSVluT2JrZS9RNlFxTUVIcmJDbWU5Q3BXaXFnRT0iLCAiMTpRc0VJUmdOakNMd3VMTEZ3dmk3MWhQd0djY2dYRVM5ZVhQeHcvSFVIT2ZSaHY1ZGo2bkZNazFaRlVjcVM3Tzh1TG1oenpwVHpEVHo0QmNtakRYWFVTZ0E9Il0sICJDIjogWyIxOmdyWW1HRnZtaEFISTYyQkRjWStLVjVpVHJ5TGpEbytyMkUza3UrZENJRkovekxWMTRheXBHTTZNRzB2dVg5N20rV3lRNnN5QWVHb1ByNDFTdG1jUWdnRT0iLCAiMTpWWEYvY29KY1ZNc1pVem1LY2NjV0tlWTlVNUZ4MkpTR2l1U1NoWTdLUVJCd2Y4a1RzS2ZXRFJYeWJVckRheTluSjU4V01veklUZGg2bFlwMHdpWlVjZ0U9IiwgIjE6aXQ1NDduaDJpTGZzVzcwZThzSGJhMFZPUWtaaS9RaDRlMGxWeEV6YTJITlVTUWRxZkM4dkZNOUtmaGd2SGVaUTBNRFRSN2Q0OHZnLzZwT2s4RTJxc3dFPSJdLCAiQSI6IFsiMTpNeG52M0lIT1orQjV2eUhzVklSWi9KOTRNK2R6NkNSVTc5cGlyb3dGVENTaWZIdWZNaU5tVkhTMWJqZXpvSy95SUIrenBhUWVMRmdNK2JHVTlja0NIZ0E9IiwgIjE6SzdrZEVIWE1GL3gxeU90eVJreGY2cTgraGxEcW4zQWhQUXpVNnZWTHJtTTgybDc4ZkdYemgxVWNqNWZscmd3QjBEWk1xaldhbnI5TVFJalh3UXZIOEFFPSIsICIxOmlDUDlwL3hQSi9wWFlsM21QaVhmQlg1V1V3aVBpZWpTRU9LZWxONUlFZ3dpSGgzQ2VwelBOYnBvZ0RETkxZWVl2OTFwa1R3MlBLWHR5VnVUTlM2dFpnQT0iXX0sICJDcCI6ICIzOlFVSHQ4M3lWN0o0cDFpVG5BTmFxUTNiMzYwNE8xczZHL3NWWDNsbG9LY055YmlnODRIQ1ZySzg2UUJJKzJWak5TNmg0ZGdlbE8za2RmVXcrTGsxVlJna1dId3YzUTc1dXd5ZWJ2c0Vwd203Y3RveHVJMFRpSldUVEdnS3pJNHE5ZHJDdXd3aFA0aHBLaTc3T3YwMkZUYUJMNW5teFl5M2tleVg3MWZveGF4WT0ifeWWY25thRTkJ3HrF96vbtX8h/SeBBwEOnxjFV67hrrJkJIoy+IZpA6l/hXGi5RbYgCzcfxPiB1XNc/mQcaWXA2FQWWNzqDJEfuowaM=
email,AAAAAAAAB717InBvbGljeSI6ICIoKCgoQV8wIGFuZCBCKSBhbmQgQykgYW5kIEQpIG9yIEFfMSkiLCAiQ18wIjogWyIyOlFsaWs3OVk5aXFETm1NbW5BakEzWXhPOEp6UkFHemMwSUZLdFk3WENDTXFoNUJ4OTdqb2tXWko4UnQwQ01NT2hHd0tyUEh4a3RuLy9wazAzOCtseldBRT0iLCAiMjpMQjZlSnkwckZtc0RVTTM5SWRRZklFMm5XMis2bXdlZmpYeWF0Zk8yUDBqZHZmT1BnQ2x6SnFkNUlrakgzbWJrbGJpQkNXZVJtUDhvc3c2WW1QNmFYZ0U9IiwgIjI6UWE0MnVNUFd3cDhXMkVYYmJGaWJqSXl6MWRNUkpoMjcrd3ZueDUxMlJJQTdlQjhCTzVITDh0SStsMWpHNStOdUgxMlc3OHZ2QVRvVGZXa0EvTnR4ekFBPSJdLCAiQyI6IHsiQV8wIjogWyIxOkIzL0w4WUsxdmp1bTYxWk5oN1NRZlYxdllyR1ljR1hybVNLQ1ZkSGQ2K1QxaVZ1NGdWaXlFc3dYUEYrQzZhT0dOT1RmYTBXWW5FUC9NZEVxRkRQQU13RT0iLCAiMTpKeGpRYlNOWTdBa1lSLzFMbTM2WUx6ZzREYkRuUUhNMWptbXM0WjA3elVVNjNBckprKy85TVVLclp1TmNZWkJsK1FKbktzNjdub0VWRi9QS0g0RUxWUUU9IiwgIjE6TzI4Y0tFd05rcERVY2FzQk1RUnFGVmFOL3RkWm92YlVTY281QlgrRmZEWlJ1YzF1TTBRVmY5ZnZvbmNwbGZOQXAycXdsR1gyaDVCYktkR3lxdUh1T1FFPSJdLCAiQiI6IFsiMTpTeFU3aEZzNXlUMVhsY0s2Y2ZlYnBjN0xyd0lrL3F4QlRPSGY3c2ovQnE4dC9lVitPcmtLNEhPc2NsalFLYjU0VVVYbFZKNHhmbktQMzZUeUNoUGRDZ0E9IiwgIjE6QUVtUThPRUhSUENNcmpWWm1yM1M4d05BbTdRUTY5RmhKYVVna1U5dnlEQlhOa2NpZThzNklVZWdBME9RTG0xWlJ3WWpkUWFMMyt5VG5qYjV5SWtOdmdBPSIsICIxOmxmcm85VnZFVllLMml0U3dUdG8xVXEzRjlJTzlBRUV3Y05QQktsUlhobDNMSmxwOWowNi9Cd3NYbWNxL25JN0VJSXdXTnpUZjNQMml6NmkzTFJsTEVRRT0iXSwgIkMiOiBbIjE6aUMwOGhNMDc0ZVpRQzJ3emVDMmlpRGM1cURHUFpBYjQySWJZdWVpaUNIRTZkWCt4Vll0cWtFTCtCVHhXWC9QUDVRSUk0emZQNmM3c08zR3ljd0xhVlFFPSIsICIxOkFMaE9nSGRROStLb3R2UDJKM2NKZmYwc3djSERhb2tIRVBpVkExcnNWdDRDcHRDV2JmV1RDbFRVZERxdTg5bnZBNDUvcUEzanZOY1IyVzdZQWw5aGhBRT0iLCAiMTpuSXNURXh2d1FTL0dIbFFSS0Y0a2tKMkE0cTI4VEQxcS93eDBmcGM0RzFac01udW9oN0FDWHJoZ0JOOGU4NFlYWExGYkpnTUMzMTFPQkJxbkpFUXVMd0U9Il0sICJEIjogWyIxOmV1UUl3dnlwaXNYNWpMSFc2ekx6Ykk4LzJmLy9MTUhob1lhTGc5K3ZMTVlBR0xWMUZXVkcwbmhtaEJqMmlWNEhsNTd2akRmQjc1ZmFOcXNRNXU3SUN3RT0iLCAiMTpaRlkveTlMUEFzSzNoMm5YOWtOZFB3M2FTeGVSZVpFN2NIQjVGQWxFSWR6aWtZbzFiclk0T25vOTVwTXh2S3M5cFhjdjJFWG41N1RaTC95YU5DZjFOZ0U9IiwgIjE6TEhFbVBXY0JROGxrU1Nka2dIcjc5bkkvSHVMZ2pVL0NrV09waDlJYnBBZlBNVnJKZ1JEaGtsdWZGVU9NK2JUdzRPVTY3bWhjaWthbi9Rb1djOUI4S2dBPSJdLCAiQV8xIjogWyIxOkY0WWlNS1dlVzlnUWYyRURmN05VaHVENTRSbUZ2Zk1TRlY5UGs0dG4wbUlueGpsLzlFaE1mSVhRbE9PcndFODFYQS94WDBIRWR0RXRJMVZLeU1zVkZnQT0iLCAiMTpFMkQ5OCt5RGVhejY1c1JlRjFiUUM5RytrY0RxOFY3TUhQTEJDRzFxSWRtMERJUWV5R0V1alkyWURjRS9SRldRdENFelBnUkxwbU9tcEs0UTFIcnhZd0E9IiwgIjE6alFVTkNKVzZ3d1ZqK3Uzbm9KMldTNFFRckFYckJXV3J3bHkwT0pHSXR5aU5OTEZGOGc3bS85MytGUEVCSWdrbEZyM2NvTGQ2MlM3NzJTa0xQVDU0MkFBPSJdfSwgIkNwIjogIjM6Zm9sNm1iOWVFZWQ3TE5oVXN3NTNqWUw3c1o2K08zM3RCYnREbklvM3JzdksrdFJFaFN5SXlseWV0bG4yMk4xYnpxYmNYaEV3cjFIL3d0R2NpYmhLUEtIZEFHQy9peDlLWG43MTdHc2hQNjNINHQ1eUdDS0w1aURUbWJpZ2ttVE9YVEdsUkc3VS9kK2FFM0NwNTBhdVB0WVl6OHNLcTFwUWlVK0RCZjNBODNFPSJ92cwt2nEsYW8NobrZyqUMR7bNvWSyv9ekt/8x0RzIXSA3JNASZTe0WvSVvam/gQHNb3B2pkyBgt997PqZqI134IaUqghsr2OGKZ+XoQ==
password,AAAAAAAAB7x7InBvbGljeSI6ICIoKChBXzAgYW5kIEIpIG9yIChBXzEgYW5kIEMpKSBvciBEKSIsICJDXzAiOiBbIjI6WGc1U0RtM1ZobTBhR0NPbU8rOTJWUWQrdng1UFQyMUtXdTJBWm5hRDdOZHR6anRXTFpEVmdVb01tZHR4Ty9QUnhIOGh6Z21ncVVQMVFyMnBTRFpRV2dBPSIsICIyOklPMDFBQUJpbEtMZktkZVlCSlNpblB1NG1PbEFGd29FS3VTZnpQdVNPczBjdXY5em1FSkQ2M3RzNHFKWU1wcVhjSzdxY00xTitUSi8zQ1kraGNyd2FnRT0iLCAiMjpCdFZyZjZHUmxRS1o4YitWazQ4YVQvUjJsenVsdCsza0JsRE8xVEpiRXJObHFqZ3ZMZEhWVVFDYytFNkNzU2JpdnNNcjNrRVYwR0Jjc05NNzhNRXlUUUU9Il0sICJDIjogeyJBXzAiOiBbIjE6VVVuejFsaEdGV2xOVHRxajg0Y1luVUE2RUl1bnEwem8raVBuR2djSXRmZkd1bjV5SmR1cjcwNEk5ajVTbzcxcEZEbElUb0hTNlVkNkQzVkptdEZ2aVFFPSIsICIxOkxPOUhLNmdma2tGd3RWR0Rkb293ekVLK3dHK1hjT0hvV2poZmdxa2FXaHNKMU4rRlR6eGVBMElTb2w2V0pqNGMvY0JHZml3N2ljVCtxZG1oS29aMUJ3RT0iLCAiMTpoZUNKK3cyVlFSdi9HVlZzUEVaSHFEejVDM2tWaEIrZ3dwZGRuOUpwSTJaS1p3UGE5ejBuNTYzUUlpaG9uK3p4cDluWlRVMWdZYVRiM2NialA5N01hd0U9Il0sICJCIjogWyIxOk9tOTFVbHpwMnQ5QUlwSm56YXhPNThWWnp0dFJtVTZPdUxFTWkwNy9SNUI5bW9Fbkx6UC9IbjArU2Nrb3ZHTU5rQWExS0l1THFtRFNPdWpLZjdOdEtnQT0iLCAiMTpQTEhCd0VUOTlDbzg3Z3lSemtNWCt1MFNTSjdaMHNPTFhPaXc2V1ZLU0FYakx6dk5QN1RFTUxwRC9YZlhYd0Q3emEySGl2Sm1QamtlYVhLMmdNc0pqQUE9IiwgIjE6TWlYKzNEZk9rQk80U2kzUVkwc054cnYrSlgzN2FONlBSZGNUY2Z2T3J5VG1xcnFBVUFSWjZOWkhTNWtMZDYvdWJUM2xQYkhoTEhjQ2ZHYzZ3SXJkdlFFPSJdLCAiQV8xIjogWyIxOlFhMTVDa21jVVhvY0VQbGpXSW1YL2xYN2ovYWJuWUVubk5QcW9MdlFWazQ4U3JYV08waDdsb2N0Wm83Nk8xd01vdE1MR2hnL3N1VFZsSkNPZ1drOGRRQT0iLCAiMTpvaEtmZkFpNnY4VkVoYkdOZHg4azd6eTBOQkZjNlBSbkRnY0ltVkRqNkcxWEROLzAyNERLeUE4dlRMUExFU3Z2MWNxcXA5azF6bXcwbUFjSGJJUXJDUUE9IiwgIjE6bmtGdzZ0K2ozSHRHdy9KNnlISzVTRXJidStGV2VIaStnUEZ4anB6TEtKZ2drYldicWlsRFRlSS9tTk9meCtkNGNWZkNKTHc4N1ZiYzlNakpiS0JmWlFBPSJdLCAiQyI6IFsiMTpCOE1FWUQvNVFKR2tHWlRQVUF6MUlqTm9WQVRFUTdkU2xPWFJIdDdSdGNVVkJzSit3d2FQdllEa21ScnNIVHByb3FrTnp0NlRQQUF3a3dQZlNWbnBKZ0E9IiwgIjE6YXB3a3RFS0VJdnIwZmJmKzhWZGhISUdmWldiVU5QM0VBSC9aaGVNeHYrbUVSdzdXSU9Reloyb0xrR1FEbitiSTRzNHJGSCtOdHM3RTJJanlObDRvaEFFPSIsICIxOmV3b3FVV3FxYkhlVHNBNEYxemQzaVZNcUxjQlNrVU9LQVhDWjU5VkgvL2hCZ3NiUlpiNHVMcEd4eWRPTEZqdVV2VW8ydTdBWHNjVDVzMGx4RnpvME1nRT0iXSwgIkQiOiBbIjE6RWVGc3ZnYzRNYWU1V2dQOFdQVCt5aUFiVGhvaTZQMGsyVzdMMkpyR3BuMkdmM2Rub01IVWZVNHMwZVlTYUYvSGxWdjNBd01IZktycmg2d3Rvb0V3aUFFPSIsICIxOmtidUljK0Y2Z1pWK21uVUFhanduNnZCMG15WWxtci8xeFlPTW93bFgvcm80bkJGd1hDWTBsUzFGVTcxU0UxNnhRTmdzU0dVK3pIQUdNbXIvd3kxZVhnQT0iLCAiMTpBQi95L1VUcVprWTVodEhwcHlEdEg2aVFqMUF4VVpXNzdhR2ZSdW9BT3dmTVY1OUJkTXovbmoyU1IrcHRIVittanladVRKR2Z2WmExS21zd0lndVpIUUE9Il19LCAiQ3AiOiAiMzpOeUtHb2lLRTIvc2Z3WUsxWEl6ay9qblAvU0NvbHRPS2x1SjMrSm5yZDc5VXpUQkZIQzducVQyNzBOT1dzbG8rL2x6UFhPQ1BWK3RPMUtHNmIwb0NnQytyWld3WU1kSi9LM29mdUUraTV6RVJwMStzUzQzc3V6YXBURE96TmRKUThZY1preFlDU2JJS21ybTk1OVhXNmtVRnk0Uk1MYmVyTDJ4OUhTR0hTdHM9In1g1KrGWJ2wpuhMYCpmBOk7SXgfuFwL4OWv4A5U3YFlSic41V1M3df3WWE5QuIOUV1IiGKLyEwBxZnm80k34aKtBbQI8kT2RAaDjSQt
